{"primary":{"search-2":{"title":""},"recent-posts-2":{"title":"","number":5},"recent-comments-2":{"title":"","number":5},"tlg-instagram-widget-4":{"title":"Instagram Feed","username":"claireonline","number":"6","size":"large","target":"_self"},"tlg-posts-widget-3":{"title":"Featured Posts","number":3,"show_date":"1","show_comment":"0","show_thumb":"1","cat_id":0,"orderby":"date","tags":"","style":"small"},"categories-2":{"title":"","count":0,"hierarchical":0,"dropdown":0},"tag_cloud-2":{"title":"Tags","taxonomy":"post_tag"}},"shop":{"woocommerce_product_search-2":{"title":""},"woocommerce_layered_nav-2":{"title":"Filter by","attribute":"color","display_type":"list","query_type":"and"},"woocommerce_layered_nav_filters-2":{"title":"Active Filters"},"woocommerce_price_filter-2":{"title":"Filter by price"},"woocommerce_product_categories-2":{"title":"Product Categories","orderby":"name","dropdown":0,"count":0,"hierarchical":1,"show_children_only":0,"hide_empty":0},"woocommerce_products-3":{"title":"Products","number":5,"show":"","orderby":"date","order":"desc","hide_free":0,"show_hidden":0},"woocommerce_product_tag_cloud-2":{"title":"Product Tags"},"woocommerce_recent_reviews-2":{"title":"Recent Reviews","number":5}},"footer1":{"text-3":{"title":"About us","text":"Roneous is a stunning Responsive Multi-Purpose WordPress Theme with incredible features & design.\r\n\r\nWe create themes from blog, photography to eCommerce sites. This is a perfectly formed collection of design. We have a team who specialise in coding websites and themes.","filter":true}},"footer2":{"categories-3":{"title":"Categories","count":0,"hierarchical":1,"dropdown":0}},"footer3":{"tlg-twitter-widget-4":{"title":"Twitter Feed","consumer_key":"6JsLLOF1V5PSO6A07dP5749vw","consumer_secret":"tTbeEBkaHreMFAsjrVt3CooOC7pRsL6v8vPhrrU3W4RkHjeVuN","query":"from:themelogi","number":"2","show_follow":"true","exclude_replies":"true","show_avatar":false,"show_account":false}},"footer4":{"tlg-flickr-widget-4":{"title":"Flickr Feed","number":"6","flickr_id":"138253421@N04"}}}