<wpml-config>
    <custom-types>
        <custom-type translate="1">portfolio</custom-type>
        <custom-type translate="1">team</custom-type>
        <custom-type translate="1">client</custom-type>
        <custom-type translate="1">testimonial</custom-type>
    </custom-types>
    <taxonomies>
        <taxonomy translate="1">portfolio_category</taxonomy>
        <taxonomy translate="1">team_category</taxonomy>
        <taxonomy translate="1">client_category</taxonomy>
        <taxonomy translate="1">testimonial_category</taxonomy>
    </taxonomies>
</wpml-config>